processId,round,blockIndex,orderPosition,order,caseId,operation,variant,marker,samples,gpuRegionValidSamples,gpuFrameValidSamples,dispatchesPerFrame,logicalBytesPerDispatch,blockEnqueueElapsedMs,fenceSupported,fencePassed,fenceLatencyMs,frameAverageMs,frameP50Ms,frameP95Ms,frameP99Ms,gpuRegionAverageMs,gpuRegionP50Ms,gpuRegionP95Ms,gpuRegionP99Ms,gpuFrameAverageMs,gpuFrameP50Ms,gpuFrameP95Ms,gpuFrameP99Ms,enqueueAverageMs,enqueueP50Ms,enqueueP95Ms,enqueueP99Ms,mainAverageMs,mainP99Ms,renderAverageMs,renderP99Ms,measurementReadbackBytes,timestampInstrumentationReadbackBytes
45768,1,1,1,"control/empty-command-buffer>exclusive-scan/portable>exclusive-scan/wave-ops>radix-sort-32/portable>radix-sort-32/wave-ops>stable-compaction/portable>stable-compaction/wave-ops","control/empty-command-buffer","control","empty-command-buffer","GPU.Primitives/Control/EmptyCommandBuffer",900,900,0,0,0,171.745000,1,1,0.142000,0.190636,0.170699,0.315398,0.595897,0.000003,0.000000,0.000000,0.000000,-1.000000,-1.000000,-1.000000,-1.000000,0.002969,0.002900,0.003800,0.005100,0.189408,0.608400,0.000000,0.000000,0,14400
45768,1,2,2,"control/empty-command-buffer>exclusive-scan/portable>exclusive-scan/wave-ops>radix-sort-32/portable>radix-sort-32/wave-ops>stable-compaction/portable>stable-compaction/wave-ops","exclusive-scan/portable","exclusive-scan","portable","GPU.Primitives/exclusivescan/portable",900,900,0,1,8388608,191.431100,1,1,0.191200,0.212711,0.203897,0.327601,0.456696,0.069541,0.075776,0.078848,0.088064,-1.000000,-1.000000,-1.000000,-1.000000,0.006377,0.006000,0.007700,0.037500,0.211421,0.468300,0.000000,0.000000,0,14400
45768,1,3,3,"control/empty-command-buffer>exclusive-scan/portable>exclusive-scan/wave-ops>radix-sort-32/portable>radix-sort-32/wave-ops>stable-compaction/portable>stable-compaction/wave-ops","exclusive-scan/wave-ops","exclusive-scan","wave-ops","GPU.Primitives/exclusivescan/wave-ops",900,900,0,1,8388608,192.934800,1,1,0.102700,0.214335,0.204004,0.337996,0.482299,0.027924,0.028672,0.031744,0.032768,-1.000000,-1.000000,-1.000000,-1.000000,0.006233,0.006200,0.007800,0.010200,0.213069,0.491400,0.000000,0.000000,0,14400
45768,1,4,4,"control/empty-command-buffer>exclusive-scan/portable>exclusive-scan/wave-ops>radix-sort-32/portable>radix-sort-32/wave-ops>stable-compaction/portable>stable-compaction/wave-ops","radix-sort-32/portable","radix-sort-32","portable","GPU.Primitives/radixsort32/portable",900,900,0,1,134217728,2576.813700,1,1,0.602300,2.862617,2.928302,3.357299,3.530095,2.837413,2.921472,3.265536,3.451904,-1.000000,-1.000000,-1.000000,-1.000000,0.014196,0.013600,0.019000,0.035000,2.860795,3.579600,0.000000,0.000000,0,14400
45768,1,5,5,"control/empty-command-buffer>exclusive-scan/portable>exclusive-scan/wave-ops>radix-sort-32/portable>radix-sort-32/wave-ops>stable-compaction/portable>stable-compaction/wave-ops","radix-sort-32/wave-ops","radix-sort-32","wave-ops","GPU.Primitives/radixsort32/wave-ops",900,900,0,1,134217728,2518.000400,1,1,0.122600,2.798431,2.898803,3.252303,3.504301,2.776453,2.892800,3.219456,3.415040,-1.000000,-1.000000,-1.000000,-1.000000,0.014106,0.013500,0.019700,0.030600,2.796642,3.527100,0.000000,0.000000,0,14400
45768,1,6,6,"control/empty-command-buffer>exclusive-scan/portable>exclusive-scan/wave-ops>radix-sort-32/portable>radix-sort-32/wave-ops>stable-compaction/portable>stable-compaction/wave-ops","stable-compaction/portable","stable-compaction","portable","GPU.Primitives/stablecompaction/portable",900,900,0,1,12582916,195.528500,1,1,0.081000,0.217249,0.211402,0.294097,0.442404,0.041817,0.041984,0.043008,0.043008,-1.000000,-1.000000,-1.000000,-1.000000,0.007179,0.007100,0.008900,0.016700,0.215953,0.441200,0.000000,0.000000,0,14400
45768,1,7,7,"control/empty-command-buffer>exclusive-scan/portable>exclusive-scan/wave-ops>radix-sort-32/portable>radix-sort-32/wave-ops>stable-compaction/portable>stable-compaction/wave-ops","stable-compaction/wave-ops","stable-compaction","wave-ops","GPU.Primitives/stablecompaction/wave-ops",900,900,0,1,12582916,180.171300,1,1,0.097600,0.200137,0.190604,0.303600,0.497499,0.029674,0.029696,0.030720,0.032768,-1.000000,-1.000000,-1.000000,-1.000000,0.006912,0.007200,0.009000,0.011500,0.198954,0.496300,0.000000,0.000000,0,14400
45768,2,8,1,"stable-compaction/wave-ops>stable-compaction/portable>radix-sort-32/wave-ops>radix-sort-32/portable>exclusive-scan/wave-ops>exclusive-scan/portable>control/empty-command-buffer","stable-compaction/wave-ops","stable-compaction","wave-ops","GPU.Primitives/stablecompaction/wave-ops",900,900,0,1,12582916,172.032100,1,1,0.065800,0.191021,0.180697,0.280201,0.483397,0.029627,0.029696,0.030720,0.034816,-1.000000,-1.000000,-1.000000,-1.000000,0.006622,0.007000,0.008600,0.009400,0.189902,0.497100,0.000000,0.000000,0,14400
45768,2,9,2,"stable-compaction/wave-ops>stable-compaction/portable>radix-sort-32/wave-ops>radix-sort-32/portable>exclusive-scan/wave-ops>exclusive-scan/portable>control/empty-command-buffer","stable-compaction/portable","stable-compaction","portable","GPU.Primitives/stablecompaction/portable",900,900,0,1,12582916,179.477000,1,1,0.088600,0.199422,0.189498,0.280605,0.441298,0.041863,0.041984,0.043008,0.044032,-1.000000,-1.000000,-1.000000,-1.000000,0.007025,0.007100,0.008600,0.019800,0.198219,0.474400,0.000000,0.000000,0,14400
45768,2,10,3,"stable-compaction/wave-ops>stable-compaction/portable>radix-sort-32/wave-ops>radix-sort-32/portable>exclusive-scan/wave-ops>exclusive-scan/portable>control/empty-command-buffer","radix-sort-32/wave-ops","radix-sort-32","wave-ops","GPU.Primitives/radixsort32/wave-ops",900,900,0,1,134217728,2519.019300,1,1,0.095100,2.799466,2.892602,3.273802,3.424497,2.777023,2.893824,3.221504,3.343360,-1.000000,-1.000000,-1.000000,-1.000000,0.015267,0.014300,0.022900,0.028300,2.797406,3.422400,0.000000,0.000000,0,14400
45768,2,11,4,"stable-compaction/wave-ops>stable-compaction/portable>radix-sort-32/wave-ops>radix-sort-32/portable>exclusive-scan/wave-ops>exclusive-scan/portable>control/empty-command-buffer","radix-sort-32/portable","radix-sort-32","portable","GPU.Primitives/radixsort32/portable",900,900,0,1,134217728,2549.299300,1,1,0.071900,2.832553,2.927204,3.330400,3.446499,2.808028,2.921472,3.264512,3.367936,-1.000000,-1.000000,-1.000000,-1.000000,0.013094,0.012800,0.017400,0.019800,2.830693,3.452400,0.000000,0.000000,0,14400
45768,2,12,5,"stable-compaction/wave-ops>stable-compaction/portable>radix-sort-32/wave-ops>radix-sort-32/portable>exclusive-scan/wave-ops>exclusive-scan/portable>control/empty-command-buffer","exclusive-scan/wave-ops","exclusive-scan","wave-ops","GPU.Primitives/exclusivescan/wave-ops",900,900,0,1,8388608,189.209500,1,1,0.062300,0.210190,0.201899,0.293502,0.415802,0.019384,0.019456,0.019456,0.020480,-1.000000,-1.000000,-1.000000,-1.000000,0.006042,0.006300,0.008100,0.009200,0.208886,0.427500,0.000000,0.000000,0,14400
45768,2,13,6,"stable-compaction/wave-ops>stable-compaction/portable>radix-sort-32/wave-ops>radix-sort-32/portable>exclusive-scan/wave-ops>exclusive-scan/portable>control/empty-command-buffer","exclusive-scan/portable","exclusive-scan","portable","GPU.Primitives/exclusivescan/portable",900,900,0,1,8388608,185.967900,1,1,0.050200,0.206327,0.200602,0.302601,0.416794,0.031702,0.031744,0.031744,0.032768,-1.000000,-1.000000,-1.000000,-1.000000,0.005593,0.005800,0.007200,0.008100,0.205081,0.416300,0.000000,0.000000,0,14400
45768,2,14,7,"stable-compaction/wave-ops>stable-compaction/portable>radix-sort-32/wave-ops>radix-sort-32/portable>exclusive-scan/wave-ops>exclusive-scan/portable>control/empty-command-buffer","control/empty-command-buffer","control","empty-command-buffer","GPU.Primitives/Control/EmptyCommandBuffer",900,900,0,0,0,160.879000,1,1,0.118000,0.178929,0.165795,0.274802,0.500503,0.000005,0.000000,0.000000,0.000000,-1.000000,-1.000000,-1.000000,-1.000000,0.002724,0.002800,0.003600,0.004400,0.177750,0.500800,0.000000,0.000000,0,14400
45768,3,15,1,"exclusive-scan/portable>exclusive-scan/wave-ops>radix-sort-32/portable>radix-sort-32/wave-ops>stable-compaction/portable>stable-compaction/wave-ops>control/empty-command-buffer","exclusive-scan/portable","exclusive-scan","portable","GPU.Primitives/exclusivescan/portable",900,900,0,1,8388608,186.822400,1,1,0.414400,0.207555,0.199100,0.295599,0.433702,0.031717,0.031744,0.032768,0.032768,-1.000000,-1.000000,-1.000000,-1.000000,0.005692,0.005900,0.007300,0.008500,0.206304,0.433900,0.000000,0.000000,0,14400
45768,3,16,2,"exclusive-scan/portable>exclusive-scan/wave-ops>radix-sort-32/portable>radix-sort-32/wave-ops>stable-compaction/portable>stable-compaction/wave-ops>control/empty-command-buffer","exclusive-scan/wave-ops","exclusive-scan","wave-ops","GPU.Primitives/exclusivescan/wave-ops",900,900,0,1,8388608,186.382400,1,1,0.042300,0.207063,0.200298,0.278805,0.407200,0.019393,0.019456,0.019456,0.020480,-1.000000,-1.000000,-1.000000,-1.000000,0.005945,0.006200,0.007800,0.008600,0.205761,0.405100,0.000000,0.000000,0,14400
45768,3,17,3,"exclusive-scan/portable>exclusive-scan/wave-ops>radix-sort-32/portable>radix-sort-32/wave-ops>stable-compaction/portable>stable-compaction/wave-ops>control/empty-command-buffer","radix-sort-32/portable","radix-sort-32","portable","GPU.Primitives/radixsort32/portable",900,900,0,1,134217728,2549.363000,1,1,0.408000,2.832465,2.922605,3.336997,3.480201,2.809203,2.916352,3.259392,3.375104,-1.000000,-1.000000,-1.000000,-1.000000,0.013653,0.013300,0.017800,0.020600,2.830587,3.472100,0.000000,0.000000,0,14400
45768,3,18,4,"exclusive-scan/portable>exclusive-scan/wave-ops>radix-sort-32/portable>radix-sort-32/wave-ops>stable-compaction/portable>stable-compaction/wave-ops>control/empty-command-buffer","radix-sort-32/wave-ops","radix-sort-32","wave-ops","GPU.Primitives/radixsort32/wave-ops",900,900,0,1,134217728,2509.433300,1,1,0.082400,2.788758,2.882100,3.204804,3.418799,2.766790,2.892800,3.202048,3.331072,-1.000000,-1.000000,-1.000000,-1.000000,0.014274,0.013200,0.020100,0.024800,2.786851,3.410100,0.000000,0.000000,0,14400
45768,3,19,5,"exclusive-scan/portable>exclusive-scan/wave-ops>radix-sort-32/portable>radix-sort-32/wave-ops>stable-compaction/portable>stable-compaction/wave-ops>control/empty-command-buffer","stable-compaction/portable","stable-compaction","portable","GPU.Primitives/stablecompaction/portable",900,900,0,1,12582916,209.797900,1,1,0.080200,0.233059,0.222704,0.327296,0.476701,0.041800,0.041984,0.043008,0.043008,-1.000000,-1.000000,-1.000000,-1.000000,0.007388,0.007300,0.008900,0.011700,0.231691,0.478500,0.000000,0.000000,0,14400
45768,3,20,6,"exclusive-scan/portable>exclusive-scan/wave-ops>radix-sort-32/portable>radix-sort-32/wave-ops>stable-compaction/portable>stable-compaction/wave-ops>control/empty-command-buffer","stable-compaction/wave-ops","stable-compaction","wave-ops","GPU.Primitives/stablecompaction/wave-ops",900,900,0,1,12582916,191.426000,1,1,0.638100,0.212660,0.205300,0.292701,0.405796,0.029521,0.029696,0.030720,0.030720,-1.000000,-1.000000,-1.000000,-1.000000,0.007203,0.007400,0.009100,0.010400,0.211354,0.405100,0.000000,0.000000,0,14400
45768,3,21,7,"exclusive-scan/portable>exclusive-scan/wave-ops>radix-sort-32/portable>radix-sort-32/wave-ops>stable-compaction/portable>stable-compaction/wave-ops>control/empty-command-buffer","control/empty-command-buffer","control","empty-command-buffer","GPU.Primitives/Control/EmptyCommandBuffer",900,900,0,0,0,155.271600,1,1,0.054000,0.172504,0.160197,0.272499,0.435098,0.000006,0.000000,0.000000,0.000000,-1.000000,-1.000000,-1.000000,-1.000000,0.002718,0.002800,0.003600,0.004600,0.171306,0.437200,0.000000,0.000000,0,14400
45768,4,22,1,"control/empty-command-buffer>stable-compaction/wave-ops>stable-compaction/portable>radix-sort-32/wave-ops>radix-sort-32/portable>exclusive-scan/wave-ops>exclusive-scan/portable","control/empty-command-buffer","control","empty-command-buffer","GPU.Primitives/Control/EmptyCommandBuffer",900,900,0,0,0,155.195300,1,1,0.088200,0.172286,0.161898,0.251304,0.429202,0.000002,0.000000,0.000000,0.000000,-1.000000,-1.000000,-1.000000,-1.000000,0.002763,0.002800,0.003600,0.004400,0.171108,0.437800,0.000000,0.000000,0,14400
45768,4,23,2,"control/empty-command-buffer>stable-compaction/wave-ops>stable-compaction/portable>radix-sort-32/wave-ops>radix-sort-32/portable>exclusive-scan/wave-ops>exclusive-scan/portable","stable-compaction/wave-ops","stable-compaction","wave-ops","GPU.Primitives/stablecompaction/wave-ops",900,900,0,1,12582916,183.057700,1,1,0.145000,0.203321,0.197003,0.288095,0.387904,0.029511,0.029696,0.030720,0.030720,-1.000000,-1.000000,-1.000000,-1.000000,0.006929,0.007300,0.009100,0.010500,0.202084,0.390900,0.000000,0.000000,0,14400
45768,4,24,3,"control/empty-command-buffer>stable-compaction/wave-ops>stable-compaction/portable>radix-sort-32/wave-ops>radix-sort-32/portable>exclusive-scan/wave-ops>exclusive-scan/portable","stable-compaction/portable","stable-compaction","portable","GPU.Primitives/stablecompaction/portable",900,900,0,1,12582916,187.424300,1,1,0.074800,0.207912,0.197895,0.299504,0.442503,0.041783,0.041984,0.043008,0.043008,-1.000000,-1.000000,-1.000000,-1.000000,0.006851,0.006900,0.009100,0.010800,0.206668,0.439100,0.000000,0.000000,0,14400
45768,4,25,4,"control/empty-command-buffer>stable-compaction/wave-ops>stable-compaction/portable>radix-sort-32/wave-ops>radix-sort-32/portable>exclusive-scan/wave-ops>exclusive-scan/portable","radix-sort-32/wave-ops","radix-sort-32","wave-ops","GPU.Primitives/radixsort32/wave-ops",900,900,0,1,134217728,2512.022800,1,1,0.216500,2.791230,2.881399,3.177601,3.383503,2.769154,2.872320,3.093504,3.326976,-1.000000,-1.000000,-1.000000,-1.000000,0.013559,0.013300,0.017800,0.019900,2.789389,3.385600,0.000000,0.000000,0,14400
45768,4,26,5,"control/empty-command-buffer>stable-compaction/wave-ops>stable-compaction/portable>radix-sort-32/wave-ops>radix-sort-32/portable>exclusive-scan/wave-ops>exclusive-scan/portable","radix-sort-32/portable","radix-sort-32","portable","GPU.Primitives/radixsort32/portable",900,900,0,1,134217728,2546.495500,1,1,0.075500,2.829825,2.917602,3.313194,3.455704,2.804902,2.913280,3.256320,3.360768,-1.000000,-1.000000,-1.000000,-1.000000,0.013110,0.012800,0.017400,0.020200,2.827968,3.452900,0.000000,0.000000,0,14400
45768,4,27,6,"control/empty-command-buffer>stable-compaction/wave-ops>stable-compaction/portable>radix-sort-32/wave-ops>radix-sort-32/portable>exclusive-scan/wave-ops>exclusive-scan/portable","exclusive-scan/wave-ops","exclusive-scan","wave-ops","GPU.Primitives/exclusivescan/wave-ops",900,900,0,1,8388608,189.321500,1,1,0.049100,0.210302,0.204301,0.293998,0.407703,0.019396,0.019456,0.019456,0.020480,-1.000000,-1.000000,-1.000000,-1.000000,0.006201,0.006300,0.007900,0.009800,0.208990,0.411900,0.000000,0.000000,0,14400
45768,4,28,7,"control/empty-command-buffer>stable-compaction/wave-ops>stable-compaction/portable>radix-sort-32/wave-ops>radix-sort-32/portable>exclusive-scan/wave-ops>exclusive-scan/portable","exclusive-scan/portable","exclusive-scan","portable","GPU.Primitives/exclusivescan/portable",900,900,0,1,8388608,189.710500,1,1,0.118500,0.210685,0.204004,0.297895,0.420500,0.031685,0.031744,0.031744,0.032768,-1.000000,-1.000000,-1.000000,-1.000000,0.005625,0.005900,0.007200,0.008100,0.209378,0.419900,0.000000,0.000000,0,14400
45768,5,29,1,"exclusive-scan/wave-ops>radix-sort-32/portable>radix-sort-32/wave-ops>stable-compaction/portable>stable-compaction/wave-ops>control/empty-command-buffer>exclusive-scan/portable","exclusive-scan/wave-ops","exclusive-scan","wave-ops","GPU.Primitives/exclusivescan/wave-ops",900,900,0,1,8388608,184.764100,1,1,0.093500,0.205238,0.195500,0.292602,0.446499,0.019387,0.019456,0.019456,0.020480,-1.000000,-1.000000,-1.000000,-1.000000,0.005916,0.006200,0.007600,0.008700,0.203983,0.437900,0.000000,0.000000,0,14400
45768,5,30,2,"exclusive-scan/wave-ops>radix-sort-32/portable>radix-sort-32/wave-ops>stable-compaction/portable>stable-compaction/wave-ops>control/empty-command-buffer>exclusive-scan/portable","radix-sort-32/portable","radix-sort-32","portable","GPU.Primitives/radixsort32/portable",900,900,0,1,134217728,2550.217900,1,1,0.113000,2.833620,2.918899,3.338797,3.474901,2.811097,2.915328,3.267584,3.384320,-1.000000,-1.000000,-1.000000,-1.000000,0.013187,0.012900,0.017400,0.020500,2.831731,3.470600,0.000000,0.000000,0,14400
45768,5,31,3,"exclusive-scan/wave-ops>radix-sort-32/portable>radix-sort-32/wave-ops>stable-compaction/portable>stable-compaction/wave-ops>control/empty-command-buffer>exclusive-scan/portable","radix-sort-32/wave-ops","radix-sort-32","wave-ops","GPU.Primitives/radixsort32/wave-ops",900,900,0,1,134217728,2519.922900,1,1,0.112200,2.799695,2.898399,3.291298,3.422201,2.778817,2.889728,3.229696,3.348480,-1.000000,-1.000000,-1.000000,-1.000000,0.013773,0.013200,0.018700,0.021900,2.797805,3.423700,0.000000,0.000000,0,14400
45768,5,32,4,"exclusive-scan/wave-ops>radix-sort-32/portable>radix-sort-32/wave-ops>stable-compaction/portable>stable-compaction/wave-ops>control/empty-command-buffer>exclusive-scan/portable","stable-compaction/portable","stable-compaction","portable","GPU.Primitives/stablecompaction/portable",900,900,0,1,12582916,200.710500,1,1,0.140800,0.222918,0.215597,0.323498,0.432901,0.041818,0.041984,0.043008,0.043008,-1.000000,-1.000000,-1.000000,-1.000000,0.007016,0.007200,0.008900,0.011100,0.221575,0.433800,0.000000,0.000000,0,14400
45768,5,33,5,"exclusive-scan/wave-ops>radix-sort-32/portable>radix-sort-32/wave-ops>stable-compaction/portable>stable-compaction/wave-ops>control/empty-command-buffer>exclusive-scan/portable","stable-compaction/wave-ops","stable-compaction","wave-ops","GPU.Primitives/stablecompaction/wave-ops",900,900,0,1,12582916,181.090300,1,1,0.269000,0.201125,0.192800,0.287302,0.421202,0.029532,0.029696,0.030720,0.030720,-1.000000,-1.000000,-1.000000,-1.000000,0.006752,0.007100,0.008700,0.009700,0.199891,0.403500,0.000000,0.000000,0,14400
45768,5,34,6,"exclusive-scan/wave-ops>radix-sort-32/portable>radix-sort-32/wave-ops>stable-compaction/portable>stable-compaction/wave-ops>control/empty-command-buffer>exclusive-scan/portable","control/empty-command-buffer","control","empty-command-buffer","GPU.Primitives/Control/EmptyCommandBuffer",900,900,0,0,0,149.697300,1,1,0.057500,0.166313,0.153904,0.268601,0.451098,0.000000,0.000000,0.000000,0.000000,-1.000000,-1.000000,-1.000000,-1.000000,0.002624,0.002600,0.003500,0.004300,0.165126,0.450600,0.000000,0.000000,0,14400
45768,5,35,7,"exclusive-scan/wave-ops>radix-sort-32/portable>radix-sort-32/wave-ops>stable-compaction/portable>stable-compaction/wave-ops>control/empty-command-buffer>exclusive-scan/portable","exclusive-scan/portable","exclusive-scan","portable","GPU.Primitives/exclusivescan/portable",900,900,0,1,8388608,181.289200,1,1,0.099300,0.201398,0.194005,0.286501,0.424901,0.031720,0.031744,0.032768,0.032768,-1.000000,-1.000000,-1.000000,-1.000000,0.005764,0.005900,0.007200,0.008600,0.200149,0.412500,0.000000,0.000000,0,14400
45768,6,36,1,"exclusive-scan/portable>control/empty-command-buffer>stable-compaction/wave-ops>stable-compaction/portable>radix-sort-32/wave-ops>radix-sort-32/portable>exclusive-scan/wave-ops","exclusive-scan/portable","exclusive-scan","portable","GPU.Primitives/exclusivescan/portable",900,900,0,1,8388608,175.521400,1,1,0.117300,0.194659,0.188598,0.281002,0.382802,0.031706,0.031744,0.032768,0.032768,-1.000000,-1.000000,-1.000000,-1.000000,0.005417,0.005700,0.007000,0.007700,0.193444,0.396100,0.000000,0.000000,0,14400
45768,6,37,2,"exclusive-scan/portable>control/empty-command-buffer>stable-compaction/wave-ops>stable-compaction/portable>radix-sort-32/wave-ops>radix-sort-32/portable>exclusive-scan/wave-ops","control/empty-command-buffer","control","empty-command-buffer","GPU.Primitives/Control/EmptyCommandBuffer",900,900,0,0,0,149.643200,1,1,0.116700,0.166256,0.153897,0.277799,0.424199,0.000002,0.000000,0.000000,0.000000,-1.000000,-1.000000,-1.000000,-1.000000,0.002667,0.002700,0.003500,0.004000,0.165066,0.421900,0.000000,0.000000,0,14400
45768,6,38,3,"exclusive-scan/portable>control/empty-command-buffer>stable-compaction/wave-ops>stable-compaction/portable>radix-sort-32/wave-ops>radix-sort-32/portable>exclusive-scan/wave-ops","stable-compaction/wave-ops","stable-compaction","wave-ops","GPU.Primitives/stablecompaction/wave-ops",900,900,0,1,12582916,186.136500,1,1,0.052400,0.206778,0.197102,0.298597,0.425397,0.029605,0.029696,0.030720,0.031744,-1.000000,-1.000000,-1.000000,-1.000000,0.007146,0.007400,0.008900,0.011100,0.205533,0.428500,0.000000,0.000000,0,14400
45768,6,39,4,"exclusive-scan/portable>control/empty-command-buffer>stable-compaction/wave-ops>stable-compaction/portable>radix-sort-32/wave-ops>radix-sort-32/portable>exclusive-scan/wave-ops","stable-compaction/portable","stable-compaction","portable","GPU.Primitives/stablecompaction/portable",900,900,0,1,12582916,174.721800,1,1,0.056800,0.194040,0.182200,0.291305,0.450205,0.041935,0.041984,0.043008,0.045056,-1.000000,-1.000000,-1.000000,-1.000000,0.006607,0.006800,0.008400,0.009900,0.192878,0.448500,0.000000,0.000000,0,14400
45768,6,40,5,"exclusive-scan/portable>control/empty-command-buffer>stable-compaction/wave-ops>stable-compaction/portable>radix-sort-32/wave-ops>radix-sort-32/portable>exclusive-scan/wave-ops","radix-sort-32/wave-ops","radix-sort-32","wave-ops","GPU.Primitives/radixsort32/wave-ops",900,900,0,1,134217728,2521.557400,1,1,0.145100,2.801713,2.884099,3.283000,3.410799,2.780497,2.893824,3.238912,3.337216,-1.000000,-1.000000,-1.000000,-1.000000,0.013387,0.013000,0.017900,0.021200,2.799883,3.407200,0.000000,0.000000,0,14400
45768,6,41,6,"exclusive-scan/portable>control/empty-command-buffer>stable-compaction/wave-ops>stable-compaction/portable>radix-sort-32/wave-ops>radix-sort-32/portable>exclusive-scan/wave-ops","radix-sort-32/portable","radix-sort-32","portable","GPU.Primitives/radixsort32/portable",900,900,0,1,134217728,2530.769800,1,1,0.134000,2.811366,2.923200,3.189803,3.405499,2.786972,2.909184,3.098624,3.347456,-1.000000,-1.000000,-1.000000,-1.000000,0.013045,0.012800,0.016800,0.020600,2.809538,3.403600,0.000000,0.000000,0,14400
45768,6,42,7,"exclusive-scan/portable>control/empty-command-buffer>stable-compaction/wave-ops>stable-compaction/portable>radix-sort-32/wave-ops>radix-sort-32/portable>exclusive-scan/wave-ops","exclusive-scan/wave-ops","exclusive-scan","wave-ops","GPU.Primitives/exclusivescan/wave-ops",900,900,0,1,8388608,186.889900,1,1,0.087200,0.207581,0.200298,0.277395,0.426899,0.019384,0.019456,0.019456,0.020480,-1.000000,-1.000000,-1.000000,-1.000000,0.005983,0.006300,0.007700,0.008800,0.206301,0.423200,0.000000,0.000000,0,14400
